{"name":"t:sections.footer.name","type":"footer","sections":{"custom_liquid_mn6XqJ":{"type":"custom-liquid","settings":{"custom_liquid":"<!DOCTYPE html>\n<html lang=\"en\">\n<head>\n    <meta charset=\"UTF-8\">\n    <meta name=\"viewport\" content=\"width=device-width, initial-scale=1.0\">\n    <title>Announcement Bar with Infinite Scroll<\/title>\n    <style>\n        .unique-announcement-bar-v1 {\n            width: 100%;\n            padding: 20px 0;\n            overflow: hidden;\n            position: relative;\n            border: 1px solid #2e2f3c;\n            border-left: none;\n            border-right: none;\n            background-color: #f9f9f9;\n            justify-content: center;\n            align-items: center;\n        }\n\n        .helps-with-text {\n            text-align: center;\n            font-weight: 500;\n            color: #2e2f3c;\n            margin-bottom: 15px;\n            font-size: 16px;\n            width: 100%;\n            display: inline-flex;\n            justify-content: center;\n        }\n\n        .unique-announcement-wrapper-v1 {\n            display: flex;\n            white-space: nowrap;\n            animation: scroll-left 15s linear infinite;\n        }\n\n        .unique-announcement-text-v1 {\n            color: #2e2f3c;\n            font-size: 20px;\n            font-weight: bold;\n            margin-right: 25px;\n            letter-spacing: -0.5px;\n            text-transform: uppercase;\n        }\n\n        @keyframes scroll-left {\n            0% {\n                transform: translateX(0);\n            }\n            100% {\n                transform: translateX(-100%);\n            }\n        }\n\n        \/* Responsive adjustments *\/\n        @media (max-width: 768px) {\n            .unique-announcement-wrapper-v1 {\n                animation: scroll-left 12s linear infinite;\n            }\n            .unique-announcement-text-v1 {\n                font-size: 20px;\n            }\n            .helps-with-text {\n                font-size: 16px;\n            }\n        }\n    <\/style>\n<\/head>\n<body>\n    <div class=\"unique-announcement-bar-v1\">\n        <div class=\"unique-announcement-wrapper-v1\">\n            <div class=\"unique-announcement-text-v1\">FAST WORLDWIDE SHIPPING<\/div> \n            <div class=\"unique-announcement-text-v1\"> - <\/div> \n            <div class=\"unique-announcement-text-v1\">24\/7 CUSTOMER SUPPORT<\/div>\n            <div class=\"unique-announcement-text-v1\"> - <\/div> \n            <div class=\"unique-announcement-text-v1\">30-DAYS MONEY-BACK GUARANTEE<\/div>\n            <div class=\"unique-announcement-text-v1\"> - <\/div>             \n            <div class=\"unique-announcement-text-v1\">SECURE PAYMENTS<\/div>\n            <div class=\"unique-announcement-text-v1\"> - <\/div>            \n            <div class=\"unique-announcement-text-v1\">FAST WORLDWIDE SHIPPING<\/div> \n            <div class=\"unique-announcement-text-v1\"> - <\/div> \n            <div class=\"unique-announcement-text-v1\">24\/7 CUSTOMER SUPPORT<\/div>\n            <div class=\"unique-announcement-text-v1\"> - <\/div> \n            <div class=\"unique-announcement-text-v1\">30-DAYS MONEY-BACK GUARANTEE<\/div>\n            <div class=\"unique-announcement-text-v1\"> - <\/div>             \n            <div class=\"unique-announcement-text-v1\">SECURE PAYMENTS<\/div>\n            <div class=\"unique-announcement-text-v1\"> - <\/div>            \n            <div class=\"unique-announcement-text-v1\">FAST WORLDWIDE SHIPPING<\/div> \n            <div class=\"unique-announcement-text-v1\"> - <\/div> \n            <div class=\"unique-announcement-text-v1\">24\/7 CUSTOMER SUPPORT<\/div>\n            <div class=\"unique-announcement-text-v1\"> - <\/div> \n            <div class=\"unique-announcement-text-v1\">30-DAYS MONEY-BACK GUARANTEE<\/div>\n            <div class=\"unique-announcement-text-v1\"> - <\/div>             \n            <div class=\"unique-announcement-text-v1\">SECURE PAYMENTS<\/div>\n            <div class=\"unique-announcement-text-v1\"> - <\/div>            \n            <div class=\"unique-announcement-text-v1\">FAST WORLDWIDE SHIPPING<\/div> \n            <div class=\"unique-announcement-text-v1\"> - <\/div> \n            <div class=\"unique-announcement-text-v1\">24\/7 CUSTOMER SUPPORT<\/div>\n            <div class=\"unique-announcement-text-v1\"> - <\/div> \n            <div class=\"unique-announcement-text-v1\">30-DAYS MONEY-BACK GUARANTEE<\/div>\n            <div class=\"unique-announcement-text-v1\"> - <\/div>             \n            <div class=\"unique-announcement-text-v1\">SECURE PAYMENTS<\/div>\n        <\/div>\n    <\/div>\n<\/body>\n<\/html>","color_scheme":"","padding_top":40,"padding_bottom":52}},"newsletter":{"type":"newsletter","blocks":{"heading":{"type":"heading","settings":{"heading":"Subscribe to our emails","heading_size":"h1"}},"paragraph":{"type":"paragraph","settings":{"text":"<p>Receive exclusive discounts and be the first to know about new products<\/p>"}},"email-form":{"type":"email_form","settings":{}}},"block_order":["heading","paragraph","email-form"],"settings":{"color_scheme":"scheme-1","full_width":true,"padding_top":60,"padding_bottom":60}},"footer":{"type":"footer","settings":{"color_scheme":"scheme-2","newsletter_enable":false,"newsletter_heading":"Subscribe to our emails","enable_follow_on_shop":false,"show_social":true,"enable_country_selector":true,"enable_language_selector":true,"payment_enable":true,"show_policy":false,"margin_top":0,"padding_top":44,"padding_bottom":60}}},"order":["custom_liquid_mn6XqJ","newsletter","footer"]}