{"sections":{"slideshow":{"type":"slideshow","blocks":{"slide-0":{"type":"slide","settings":{"image":"shopify:\/\/shop_images\/Microcurrent-Lady.jpg","heading":"Unveil Your Inner Radiance","heading_size":"h2","subheading":"Explore our premium beauty products designed to enhance your natural beauty.","button_label":"Shop beauty & care","link":"shopify:\/\/collections\/beauty","button_style_secondary":false,"box_align":"middle-right","show_text_box":true,"text_alignment":"left","image_overlay_opacity":10,"color_scheme":"scheme-e3964f07-b484-487e-85c7-ad3eec338252","text_alignment_mobile":"center"}},"slide_hGVLMb":{"type":"slide","settings":{"image":"shopify:\/\/shop_images\/la-lampe-golden-hour-fr-launchify-971652.jpg","heading":"Elevate Your Home Space","heading_size":"h2","subheading":"Transform your living spaces with our stylish and modern home decor.","button_label":"Shop home products","link":"shopify:\/\/collections\/home","button_style_secondary":false,"box_align":"middle-center","show_text_box":true,"text_alignment":"center","image_overlay_opacity":40,"color_scheme":"scheme-017c0ab8-6812-4bf1-973c-6476383542a1","text_alignment_mobile":"center"}}},"block_order":["slide-0","slide_hGVLMb"],"settings":{"layout":"full_bleed","slide_height":"large","slider_visual":"dots","auto_rotate":false,"change_slides_speed":5,"image_behavior":"ambient","show_text_below":true,"accessibility_info":"Slideshow about our brand"}},"image_with_text_Bji6nG":{"type":"image-with-text","blocks":{"heading_MfzgeE":{"type":"heading","settings":{"heading":"Beauty Essentials for Every Occasion","heading_size":"h2"}},"text_GHrxhK":{"type":"text","settings":{"text":"<p>Dive into our collection of beauty products meticulously curated to nurture your skin, highlight your features, and boost your confidence. Whether you're prepping for a day at the office or a night out, find your essentials here.<\/p>","text_style":"body"}},"button_CYNxTm":{"type":"button","settings":{"button_label":"View Beauty","button_link":"shopify:\/\/collections\/beauty","button_style_secondary":false}}},"block_order":["heading_MfzgeE","text_GHrxhK","button_CYNxTm"],"settings":{"image":"shopify:\/\/shop_images\/Hydrafacial-woman.jpg","height":"adapt","desktop_image_width":"medium","layout":"image_first","desktop_content_position":"top","desktop_content_alignment":"left","content_layout":"overlap","section_color_scheme":"scheme-5","color_scheme":"scheme-e3964f07-b484-487e-85c7-ad3eec338252","image_behavior":"none","mobile_content_alignment":"center","padding_top":36,"padding_bottom":36}},"featured-collection-0":{"type":"featured-collection","settings":{"title":"","heading_size":"h2","description":"","show_description":false,"description_style":"body","collection":"beauty","products_to_show":3,"columns_desktop":3,"full_width":false,"show_view_all":false,"view_all_style":"solid","enable_desktop_slider":false,"color_scheme":"scheme-1","image_ratio":"square","image_shape":"default","show_secondary_image":false,"show_vendor":false,"show_rating":false,"quick_add":"none","columns_mobile":"1","swipe_on_mobile":true,"padding_top":60,"padding_bottom":60}},"image_with_text_7VWwhd":{"type":"image-with-text","blocks":{"heading_UQc6XF":{"type":"heading","settings":{"heading":"Create Your Dream Home","heading_size":"h2"}},"text_Q8HwwU":{"type":"text","settings":{"text":"<p>Enhance your living environment with our extensive collection of home products. From contemporary essentials to decorative accents, each item is chosen to inspire and create welcoming spaces.<\/p>","text_style":"body"}},"button_NYWQXQ":{"type":"button","settings":{"button_label":"View Home","button_link":"shopify:\/\/collections\/beauty","button_style_secondary":false}}},"block_order":["heading_UQc6XF","text_Q8HwwU","button_NYWQXQ"],"settings":{"image":"shopify:\/\/shop_images\/Volcano-diffuser.webp","height":"adapt","desktop_image_width":"medium","layout":"text_first","desktop_content_position":"top","desktop_content_alignment":"left","content_layout":"overlap","section_color_scheme":"scheme-1","color_scheme":"scheme-017c0ab8-6812-4bf1-973c-6476383542a1","image_behavior":"none","mobile_content_alignment":"center","padding_top":36,"padding_bottom":36}},"featured_collection_7WBLpH":{"type":"featured-collection","settings":{"title":"","heading_size":"h1","description":"","show_description":false,"description_style":"body","collection":"home","products_to_show":3,"columns_desktop":3,"full_width":false,"show_view_all":false,"view_all_style":"solid","enable_desktop_slider":false,"color_scheme":"scheme-1","image_ratio":"square","image_shape":"default","show_secondary_image":false,"show_vendor":false,"show_rating":false,"quick_add":"none","columns_mobile":"1","swipe_on_mobile":true,"padding_top":36,"padding_bottom":36}},"multicolumn_LT3wyP":{"type":"multicolumn","blocks":{"column_V6JC3i":{"type":"column","settings":{"title":"","text":"<p>\"Every item from my home decor order exceeded my expectations. The colors are vibrant, and the materials are sturdy. I'm already planning my next purchase\"<\/p><p>— <strong>Nina K.<\/strong><\/p>","link_label":"","link":""}},"column_TqFmkp":{"type":"column","settings":{"title":"","text":"<p>\"Super impressed with the shipping speed! I ordered a gift for my friend’s birthday and it arrived way sooner than I expected. Made it in time for the celebration!\" <\/p><p>— <strong>Eliot T.<\/strong><\/p>","link_label":"","link":""}},"column_83p7Fw":{"type":"column","settings":{"title":"","text":"<p>I had an issue with my order and the customer service team was incredibly helpful. They resolved my problem super quickly. Great to see a company that cares about its customers!\" <\/p><p>— <strong>Jessica R.<\/strong><\/p>","link_label":"","link":""}}},"block_order":["column_V6JC3i","column_TqFmkp","column_83p7Fw"],"settings":{"title":"What our customers say","heading_size":"h2","image_width":"full","image_ratio":"adapt","columns_desktop":3,"column_alignment":"left","background_style":"primary","button_label":"","button_link":"","color_scheme":"","columns_mobile":"1","swipe_on_mobile":true,"padding_top":36,"padding_bottom":36}}},"order":["slideshow","image_with_text_Bji6nG","featured-collection-0","image_with_text_7VWwhd","featured_collection_7WBLpH","multicolumn_LT3wyP"]}