{"sections":{"main":{"type":"main-page","settings":{"padding_top":36,"padding_bottom":28}},"collapsible_content_EmgTDN":{"type":"collapsible-content","blocks":{"collapsible_row_PNmwpC":{"type":"collapsible_row","settings":{"heading":"What payment methods do you accept?","icon":"none","row_content":"<p>We accept all major credit cards, PayPal, and various mobile payment services.<\/p>","page":""}},"collapsible_row_HEaH4m":{"type":"collapsible_row","settings":{"heading":"How secure is my personal information?","icon":"none","row_content":"<p>Your security is our top priority. We use industry-standard encryption to protect your personal and financial information.<\/p>","page":""}},"collapsible_row_XNjkxP":{"type":"collapsible_row","settings":{"heading":"Do you ship internationally?","icon":"none","row_content":"<p>Yes, we ship to over 100 countries worldwide. <\/p>","page":""}},"collapsible_row_rEM8fJ":{"type":"collapsible_row","settings":{"heading":"How long does delivery take?","icon":"none","row_content":"<ul><li>Standard delivery times vary by location. Typically, orders are delivered within 4-9 business days.<\/li><\/ul>","page":""}},"collapsible_row_aW6ibp":{"type":"collapsible_row","settings":{"heading":"How can I track my order?","icon":"none","row_content":"<p>Once your order is shipped, we will send you an email with a tracking number and a link to the carrier’s tracking page.<\/p>","page":""}},"collapsible_row_gYqkCQ":{"type":"collapsible_row","settings":{"heading":"What is your return policy?","icon":"none","row_content":"<p>We offer a 30-day return policy for unused and unopened items. For more details, please visit our returns & refund policy page.<\/p>","page":""}}},"block_order":["collapsible_row_PNmwpC","collapsible_row_HEaH4m","collapsible_row_XNjkxP","collapsible_row_rEM8fJ","collapsible_row_aW6ibp","collapsible_row_gYqkCQ"],"settings":{"caption":"","heading":"","heading_size":"h1","heading_alignment":"center","layout":"row","color_scheme":"scheme-1","container_color_scheme":"","open_first_collapsible_row":false,"image_ratio":"adapt","desktop_layout":"image_second","padding_top":36,"padding_bottom":36}}},"order":["main","collapsible_content_EmgTDN"]}