{"name":"t:sections.header.name","type":"header","sections":{"announcement-bar":{"type":"announcement-bar","blocks":{"announcement-bar-0":{"type":"announcement","settings":{"text":"L'offre exclusive se termine aujourd'hui","link":""}},"announcement_pHG98L":{"type":"announcement","settings":{"text":"Livraison gratuite dans le monde entier","link":""}}},"block_order":["announcement-bar-0","announcement_pHG98L"],"settings":{"color_scheme":"scheme-2","show_line_separator":false,"show_social":false,"auto_rotate":false,"change_slides_speed":5,"enable_country_selector":false,"enable_language_selector":false}},"header":{"type":"header","settings":{"logo_position":"top-center","menu":"main-menu","menu_type_desktop":"drawer","sticky_header_type":"none","show_line_separator":false,"color_scheme":"scheme-1","menu_color_scheme":"scheme-1","enable_country_selector":true,"enable_language_selector":true,"mobile_logo_position":"center","margin_bottom":0,"padding_top":20,"padding_bottom":20}}},"order":["announcement-bar","header"]}