{"sections":{"slideshow":{"type":"slideshow","blocks":{"slide-0":{"type":"slide","settings":{"image":"shopify:\/\/shop_images\/image3.jpg","heading":"Dévoilez votre beauté","heading_size":"h1","subheading":"Découvrez nos produits de beauté haut de gamme conçus pour mettre en valeur votre beauté naturelle.","button_label":"Découvrez nos produits de beauté","link":"shopify:\/\/collections\/beaute-soins","button_style_secondary":false,"box_align":"middle-right","show_text_box":false,"text_alignment":"left","image_overlay_opacity":50,"color_scheme":"scheme-5","text_alignment_mobile":"center"}},"slide_hGVLMb":{"type":"slide","settings":{"heading":"Transformez votre espace de vie","heading_size":"h1","subheading":"Améliorez vos espaces de vie grâce à notre décoration d'intérieur moderne et élégante","button_label":"Découvrez nos produits d'intérieur","link":"shopify:\/\/collections\/maison-confort","button_style_secondary":false,"box_align":"middle-center","show_text_box":false,"text_alignment":"center","image_overlay_opacity":50,"color_scheme":"scheme-fd120ddc-5bf2-4d30-bf11-7e7c5a4292e4","text_alignment_mobile":"center"}}},"block_order":["slide-0","slide_hGVLMb"],"custom_css":[".banner:after,.banner__media:after {background: white !important;}"],"settings":{"layout":"full_bleed","slide_height":"large","slider_visual":"dots","auto_rotate":false,"change_slides_speed":5,"image_behavior":"ambient","show_text_below":true,"accessibility_info":"Slideshow about our brand"}},"image_with_text_Bji6nG":{"type":"image-with-text","blocks":{"heading_MfzgeE":{"type":"heading","settings":{"heading":"Des essentiels de beauté pour toutes les occasions","heading_size":"h2"}},"text_GHrxhK":{"type":"text","settings":{"text":"<p>Plongez dans notre collection de produits de beauté méticuleusement conçus pour soigner votre peau, mettre en valeur vos traits et renforcer votre confiance en vous. Que vous vous prépariez à une journée au bureau ou à une soirée, vous trouverez ici vos essentiels.<\/p>","text_style":"body"}},"button_CYNxTm":{"type":"button","settings":{"button_label":"Voir les produits de beauté","button_link":"shopify:\/\/collections\/beaute-soins","button_style_secondary":false}}},"block_order":["heading_MfzgeE","text_GHrxhK","button_CYNxTm"],"settings":{"image":"shopify:\/\/shop_images\/image1.jpg","height":"adapt","desktop_image_width":"medium","layout":"image_first","desktop_content_position":"top","desktop_content_alignment":"left","content_layout":"overlap","section_color_scheme":"scheme-5","color_scheme":"scheme-e3964f07-b484-487e-85c7-ad3eec338252","image_behavior":"none","mobile_content_alignment":"center","padding_top":36,"padding_bottom":36}},"featured-collection-0":{"type":"featured-collection","settings":{"title":"","heading_size":"h2","description":"","show_description":false,"description_style":"body","collection":"beaute-soins","products_to_show":6,"columns_desktop":3,"full_width":false,"show_view_all":false,"view_all_style":"outline","enable_desktop_slider":false,"color_scheme":"scheme-1","image_ratio":"square","image_shape":"default","show_secondary_image":false,"show_vendor":false,"show_rating":false,"quick_add":"none","columns_mobile":"1","swipe_on_mobile":true,"padding_top":60,"padding_bottom":60}},"image_with_text_7VWwhd":{"type":"image-with-text","blocks":{"heading_UQc6XF":{"type":"heading","settings":{"heading":"Créez la maison de vos rêves","heading_size":"h2"}},"text_Q8HwwU":{"type":"text","settings":{"text":"<p>Améliorez votre cadre de vie grâce à notre vaste collection de produits pour la maison. Des essentiels contemporains aux accents décoratifs, chaque article est choisi pour inspirer et créer des espaces accueillants.<\/p>","text_style":"body"}},"button_NYWQXQ":{"type":"button","settings":{"button_label":"Voir les produits d'intérieur","button_link":"shopify:\/\/collections\/maison-confort","button_style_secondary":false}}},"block_order":["heading_UQc6XF","text_Q8HwwU","button_NYWQXQ"],"settings":{"image":"shopify:\/\/shop_images\/image2.jpg","height":"adapt","desktop_image_width":"medium","layout":"text_first","desktop_content_position":"top","desktop_content_alignment":"left","content_layout":"overlap","section_color_scheme":"scheme-1","color_scheme":"scheme-017c0ab8-6812-4bf1-973c-6476383542a1","image_behavior":"none","mobile_content_alignment":"center","padding_top":36,"padding_bottom":36}},"featured_collection_7WBLpH":{"type":"featured-collection","settings":{"title":"","heading_size":"h1","description":"","show_description":false,"description_style":"body","collection":"maison-confort","products_to_show":6,"columns_desktop":3,"full_width":false,"show_view_all":false,"view_all_style":"solid","enable_desktop_slider":false,"color_scheme":"scheme-1","image_ratio":"square","image_shape":"default","show_secondary_image":false,"show_vendor":false,"show_rating":false,"quick_add":"none","columns_mobile":"1","swipe_on_mobile":true,"padding_top":36,"padding_bottom":36}},"multicolumn_LT3wyP":{"type":"multicolumn","blocks":{"column_V6JC3i":{"type":"column","settings":{"title":"","text":"<p>\"Chaque article de ma commande de décoration d'intérieur a dépassé mes attentes. Les couleurs sont éclatantes et les matériaux sont solides. Je prévois déjà mon prochain achat\"<\/p><p>— <strong>Nina K.<\/strong><\/p>","link_label":"","link":""}},"column_TqFmkp":{"type":"column","settings":{"title":"","text":"<p>\"J'ai commandé un cadeau pour l'anniversaire de mon ami et il est arrivé bien plus tôt que prévu. J'ai commandé un cadeau pour l'anniversaire de mon ami et il est arrivé bien plus tôt que prévu. Il est arrivé à temps pour la fête !\" <\/p><p>— <strong>Eliot T.<\/strong><\/p>","link_label":"","link":""}},"column_83p7Fw":{"type":"column","settings":{"title":"","text":"<p>\"J'ai eu un problème avec ma commande et l'équipe du service clientèle a été incroyablement serviable. Ils ont résolu mon problème très rapidement. C'est formidable de voir une entreprise qui se soucie de ses clients !\" <\/p><p>— <strong>Jessica R.<\/strong><\/p>","link_label":"","link":""}}},"block_order":["column_V6JC3i","column_TqFmkp","column_83p7Fw"],"settings":{"title":"Ce que nos clients disent","heading_size":"h2","image_width":"full","image_ratio":"adapt","columns_desktop":3,"column_alignment":"left","background_style":"primary","button_label":"","button_link":"","color_scheme":"","columns_mobile":"1","swipe_on_mobile":true,"padding_top":36,"padding_bottom":36}}},"order":["slideshow","image_with_text_Bji6nG","featured-collection-0","image_with_text_7VWwhd","featured_collection_7WBLpH","multicolumn_LT3wyP"]}