{"sections":{"main":{"type":"main-page","disabled":true,"settings":{"padding_top":36,"padding_bottom":28}},"image_banner_rLqQyN":{"type":"image-banner","blocks":{"heading_h6zbeR":{"type":"heading","settings":{"heading":"Unveil Your Best Skin","heading_size":"h1"}},"text_Vz8Ny6":{"type":"text","settings":{"text":"Transform your skincare routine with our Retinol Eye Stick","text_style":"body"}},"buttons_k6KWHc":{"type":"buttons","settings":{"button_label_1":"Shop now","button_link_1":"shopify:\/\/pages\/fake-good-store","button_style_secondary_1":false,"button_label_2":"","button_link_2":"","button_style_secondary_2":false}}},"block_order":["heading_h6zbeR","text_Vz8Ny6","buttons_k6KWHc"],"settings":{"image":"shopify:\/\/shop_images\/Photo_Banner_Fake_Good_Store_Front.jpg","image_overlay_opacity":0,"image_height":"adapt","desktop_content_position":"middle-left","show_text_box":false,"desktop_content_alignment":"left","color_scheme":"","image_behavior":"none","mobile_content_alignment":"left","stack_images_on_mobile":true,"show_text_below":false}},"image_banner_MD6JQE":{"type":"image-banner","disabled":true,"settings":{"image":"shopify:\/\/shop_images\/Banderole_Fake_Good_Store.jpg","image_overlay_opacity":0,"image_height":"adapt","desktop_content_position":"middle-left","show_text_box":false,"desktop_content_alignment":"left","color_scheme":"","image_behavior":"none","mobile_content_alignment":"center","stack_images_on_mobile":true,"show_text_below":true}},"image_with_text_y8BWtx":{"type":"image-with-text","blocks":{"heading_qLBMAG":{"type":"heading","settings":{"heading":"Smooth & Firm","heading_size":"h1"}},"text_8pqMzf":{"type":"text","settings":{"text":"<p>Reduce wrinkles and boost skin firmness with our Retinol Eye Stick. Achieve a smoother, more youthful appearance with every use.<\/p>","text_style":"body"}},"button_RVARPh":{"type":"button","settings":{"button_label":"Shop now","button_link":"shopify:\/\/pages\/fake-good-store","button_style_secondary":false}}},"block_order":["heading_qLBMAG","text_8pqMzf","button_RVARPh"],"settings":{"image":"shopify:\/\/shop_images\/RetinolStick-min.jpg","height":"adapt","desktop_image_width":"medium","layout":"image_first","desktop_content_position":"top","desktop_content_alignment":"left","content_layout":"no-overlap","section_color_scheme":"","color_scheme":"","image_behavior":"none","mobile_content_alignment":"left","padding_top":36,"padding_bottom":36}},"multicolumn_rFADHJ":{"type":"multicolumn","blocks":{"column_NQRBTn":{"type":"column","settings":{"image":"shopify:\/\/shop_images\/Retinolsticklady-min.jpg","title":"Brighten and De-Puff Instantly","text":"<p>Target puffiness and dark circles with our Retinol Eye Stick. Infused with soothing botanicals, it instantly brightens and refreshes the under-eye area for a more awake, rejuvenated look.<\/p>","link_label":"","link":""}},"column_9cjTMV":{"type":"column","settings":{"image":"shopify:\/\/shop_images\/Retinolstickhand-min.jpg","title":"Restore Your Skin’s Radiance","text":"<p>Our Retinol Eye Stick reduces fine lines and wrinkles while boosting skin elasticity. The lightweight formula absorbs quickly, leaving your skin firmer, smoother, and more radiant.<\/p>","link_label":"","link":""}},"column_dUi7Hz":{"type":"column","settings":{"image":"shopify:\/\/shop_images\/Kokopenstickladyusing-min.jpg","title":"Say goodbye to tired eyes","text":"<p>Elevate your self care routine with our Retinol Eye Stick. Enriched with potent ingredients. It not only targets visible signs of aging but also provides a boost of hydration to the delicate skin around your eyes.<\/p>","link_label":"","link":""}}},"block_order":["column_NQRBTn","column_9cjTMV","column_dUi7Hz"],"settings":{"title":"","heading_size":"h1","image_width":"full","image_ratio":"adapt","columns_desktop":3,"column_alignment":"left","background_style":"none","button_label":"","button_link":"","color_scheme":"","columns_mobile":"1","swipe_on_mobile":false,"padding_top":36,"padding_bottom":36}},"image_with_text_iUUc94":{"type":"image-with-text","blocks":{"heading_qW3Mzb":{"type":"heading","settings":{"heading":"Before & After","heading_size":"h1"}},"text_xXgyJU":{"type":"text","settings":{"text":"<p>See the difference with consistent use of our Retinol Eye Stick. Watch as fine lines fade, puffiness decreases, and your under-eye area becomes brighter and smoother.<\/p>","text_style":"body"}},"button_Xjqn4H":{"type":"button","settings":{"button_label":"Show now","button_link":"shopify:\/\/pages\/fake-good-store","button_style_secondary":false}}},"block_order":["heading_qW3Mzb","text_xXgyJU","button_Xjqn4H"],"settings":{"image":"shopify:\/\/shop_images\/Before_After_Fake_Good_Page.png","height":"medium","desktop_image_width":"medium","layout":"text_first","desktop_content_position":"top","desktop_content_alignment":"left","content_layout":"no-overlap","section_color_scheme":"","color_scheme":"","image_behavior":"none","mobile_content_alignment":"left","padding_top":36,"padding_bottom":72}},"image_banner_GJcYVd":{"type":"image-banner","blocks":{"heading_fLzGmJ":{"type":"heading","disabled":true,"settings":{"heading":"Lorem Ipsum Lorem Ipsum","heading_size":"h1"}},"text_BCawRg":{"type":"text","disabled":true,"settings":{"text":"Give customers details about the banner image(s) or content on the template.","text_style":"body"}},"buttons_HCpA8b":{"type":"buttons","disabled":true,"settings":{"button_label_1":"Shop now","button_link_1":"shopify:\/\/pages\/fake-good-store","button_style_secondary_1":false,"button_label_2":"","button_link_2":"","button_style_secondary_2":false}}},"block_order":["heading_fLzGmJ","text_BCawRg","buttons_HCpA8b"],"settings":{"image":"shopify:\/\/shop_images\/Photo_Banner_Fake_Good_Store.jpg","image_overlay_opacity":0,"image_height":"medium","desktop_content_position":"middle-center","show_text_box":false,"desktop_content_alignment":"center","color_scheme":"","image_behavior":"ambient","mobile_content_alignment":"center","stack_images_on_mobile":true,"show_text_below":true}},"collage_fgVcag":{"type":"collage","blocks":{"image_TJB6ck":{"type":"image","settings":{}},"product_QH9Rc7":{"type":"product","settings":{"product":"","second_image":false}},"collection_TtLyqe":{"type":"collection","settings":{"collection":""}}},"block_order":["image_TJB6ck","product_QH9Rc7","collection_TtLyqe"],"disabled":true,"settings":{"heading":"Multimedia collage","heading_size":"h1","desktop_layout":"left","mobile_layout":"column","card_styles":"product-card-wrapper","color_scheme":"","padding_top":36,"padding_bottom":36}}},"order":["main","image_banner_rLqQyN","image_banner_MD6JQE","image_with_text_y8BWtx","multicolumn_rFADHJ","image_with_text_iUUc94","image_banner_GJcYVd","collage_fgVcag"]}