{"sections":{"main":{"type":"main-product","blocks":{"text_ADDUpz":{"type":"text","settings":{"text":"","text_style":"body"}},"custom_liquid_aTfUzg":{"type":"custom_liquid","settings":{"custom_liquid":"<style>\n  @keyframes flicker {\n    0% { opacity: 0.5; }\n    50% { opacity: 1; }\n    100% { opacity: 0.5; }\n  }\n\n  .flicker-animation {\n    animation: flicker 1s ease-in-out;\n  }\n<\/style>\n\n<div id=\"visitors-counter\"><\/div>\n\n<script>\n  function updateVisitorsCounter() {\n    \/\/ Generate a random number of visitors between 254 and 268\n    var visitors = Math.floor(Math.random() * (268 - 254 + 1)) + 254;\n\n    \/\/ Get the visitors counter element\n    var counterElement = document.getElementById('visitors-counter');\n\n    \/\/ Add the flicker-animation class to trigger the flickering effect\n    counterElement.innerHTML = `🔥 <strong class=\"flicker-animation\">${visitors}<\/strong> people are currently looking at this`;\n\n    \/\/ Remove the class after a short delay to stop the animation\n    setTimeout(function() {\n      var strongElement = counterElement.querySelector('strong');\n      strongElement.classList.remove('flicker-animation');\n    }, 1000); \/\/ Adjust the delay if needed\n  }\n\n  \/\/ Update the visitors counter every 2 seconds\n  setInterval(updateVisitorsCounter, 2000);\n\n  \/\/ Initialize the counter on page load\n  document.addEventListener('DOMContentLoaded', function() {\n    updateVisitorsCounter();\n  });\n<\/script>"}},"title":{"type":"title","settings":{}},"rating":{"type":"rating","settings":{}},"price":{"type":"price","settings":{}},"variant_picker":{"type":"variant_picker","settings":{"picker_type":"button","swatch_shape":"circle"}},"quantity_selector":{"type":"quantity_selector","settings":{}},"buy_buttons":{"type":"buy_buttons","settings":{"show_dynamic_checkout":false,"show_gift_card_recipient":false}},"custom_liquid_dDnq43":{"type":"custom_liquid","settings":{"custom_liquid":"<p style=\"text-align: center;\"><span style=\"color: rgb(0, 0, 0);\">Achat sécurisé<\/span><\/p>\n<style>\n  \/* Mobile styles (applied by default) *\/\n  #custom-image {\n    width: 100%; \/* Full width on mobile *\/\n    height: auto; \/* Maintain aspect ratio *\/\n  }\n\n  #custom-image-container {\n    text-align: center; \/* Centered on mobile *\/\n  }\n\n  \/* Desktop styles *\/\n  @media (min-width: 768px) {\n    #custom-image {\n      width: 65%; \/* 80% width on desktop *\/\n    }\n    #custom-image-container {\n      text-align: center; \/* Center-aligned on desktop *\/\n    }\n  }\n<\/style>\n\n<div id=\"custom-image-container\">\n  <img id=\"custom-image\" src=\"https:\/\/cdn.shopify.com\/s\/files\/1\/0736\/6597\/0441\/files\/Payment_methods.png?v=1714644461\" style=\"margin-bottom: 16px;\">\n<\/div>"}},"custom_liquid_x4ekhn":{"type":"custom_liquid","settings":{"custom_liquid":"<style>\n  \/* Default styles (mobile-first approach) *\/\n  #estimated-delivery-container {\n    text-align: center;\n  }\n\n  \/* Desktop styles *\/\n  @media (min-width: 768px) {\n    #estimated-delivery-container {\n      text-align: left;\n    }\n  }\n<\/style>\n\n<div id=\"estimated-delivery-container\">\n  <div id=\"estimated-delivery\"><\/div>\n<\/div>\n\n<script>\n  document.addEventListener(\"DOMContentLoaded\", function() {\n    var currentTimestamp = new Date().getTime();\n    var estimationDaysMin = 4;\n    var estimationDaysMax = 7;\n\n    function addBusinessDays(date, days) {\n      var currentDay = date.getDay();\n      var remainingDays = days;\n\n      while (remainingDays > 0) {\n        date.setDate(date.getDate() + 1);\n        if (date.getDay() !== 0 && date.getDay() !== 6) {\n          remainingDays--;\n        }\n      }\n      return date;\n    }\n\n    var deliveryDateMin = addBusinessDays(new Date(currentTimestamp), estimationDaysMin);\n    var deliveryDateMax = addBusinessDays(new Date(currentTimestamp), estimationDaysMax);\n\n    var options = { month: 'long', day: 'numeric' };\n    var formattedDeliveryDateMin = deliveryDateMin.toLocaleDateString('en-US', options);\n    var formattedDeliveryDateMax = deliveryDateMax.toLocaleDateString('en-US', options);\n\n    var estimatedDeliveryElement = document.getElementById(\"estimated-delivery\");\n    estimatedDeliveryElement.innerHTML = \"Order today and get it by <strong>\" + formattedDeliveryDateMin + \"<\/strong> - <strong>\" + formattedDeliveryDateMax + \"<\/strong> \";\n  });\n<\/script>"}},"collapsible_tab_hKtzP8":{"type":"collapsible_tab","settings":{"heading":"Worldwide Free Shipping","icon":"plane","content":"<p><strong>FREE Shipping<\/strong><\/p><p>Order processing takes 1-3 business days before shipment. Once your item\/s is dispatched, the estimated delivery time is:<\/p><p>- USA: 4-10 business days<br\/>- UK: 4-10 business days<br\/>- Australia: 7-12 business days<br\/>- Canada: 7-12 business days<br\/>- Rest of the world: 7-14 days<\/p>","page":""}},"collapsible_tab_TtYbiD":{"type":"collapsible_tab","settings":{"heading":"Easy Return","icon":"return","content":"<p>You're satisfaction is our priority. Therefore, we offer a 30 days refund guarantee.<\/p><p>If you're not happy with your order, we will refund you without any question asked within 30 days after you order was delivered.<\/p><p>Our return and refund policy is designed to make things as easy as possible for you.<\/p>","page":""}},"description":{"type":"description","settings":{}}},"block_order":["text_ADDUpz","custom_liquid_aTfUzg","title","rating","price","variant_picker","quantity_selector","buy_buttons","custom_liquid_dDnq43","custom_liquid_x4ekhn","collapsible_tab_hKtzP8","collapsible_tab_TtYbiD","description"],"settings":{"enable_sticky_info":true,"color_scheme":"scheme-5","media_size":"small","constrain_to_viewport":true,"media_fit":"contain","gallery_layout":"thumbnail_slider","media_position":"left","image_zoom":"lightbox","mobile_thumbnails":"hide","hide_variants":true,"enable_video_looping":false,"padding_top":60,"padding_bottom":60}},"related-products":{"type":"related-products","settings":{"heading":"You may also like","heading_size":"h2","products_to_show":4,"columns_desktop":4,"color_scheme":"scheme-1","image_ratio":"portrait","image_shape":"default","show_secondary_image":true,"show_vendor":false,"show_rating":false,"columns_mobile":"2","padding_top":60,"padding_bottom":60}}},"order":["main","related-products"]}